region,weather_year,annual_demand_mwh
p1,2007,79955490.0
p1,2008,80101347.0
p1,2009,80103571.0
p1,2010,79754340.0
p1,2011,80073489.0
p1,2012,79890894.0
p1,2013,79974334.0
p10,2007,281784724.0
p10,2008,282026177.0
p10,2009,281818481.0
p10,2010,281505557.0
p10,2011,282476319.0
p10,2012,281391581.0
p10,2013,281832953.0
p100,2007,6726363.0
p100,2008,6720390.0
p100,2009,6725469.0
p100,2010,6737261.0
p100,2011,6721648.0
p100,2012,6713126.0
p100,2013,6724328.0
p101,2007,229646990.0
p101,2008,229021443.0
p101,2009,229209469.0
p101,2010,227528857.0
p101,2011,229704672.0
p101,2012,229659484.0
p101,2013,229591125.0
p102,2007,129028800.0
p102,2008,128687029.0
p102,2009,128789750.0
p102,2010,127871382.0
p102,2011,129060407.0
p102,2012,129035703.0
p102,2013,128998174.0
p103,2007,138979693.0
p103,2008,139691368.0
p103,2009,139259521.0
p103,2010,137788425.0
p103,2011,138745582.0
p103,2012,136064407.0
p103,2013,139605942.0
p104,2007,12434371.0
p104,2008,12484674.0
p104,2009,12454121.0
p104,2010,12350305.0
p104,2011,12417874.0
p104,2012,12228642.0
p104,2013,12478649.0
p105,2007,84443667.0
p105,2008,84652475.0
p105,2009,84428001.0
p105,2010,84454508.0
p105,2011,84294333.0
p105,2012,83811317.0
p105,2013,84610597.0
p106,2007,23714618.0
p106,2008,23782669.0
p106,2009,23709476.0
p106,2010,23718215.0
p106,2011,23665872.0
p106,2012,23508326.0
p106,2013,23768973.0
p107,2007,40858028.0
p107,2008,40999544.0
p107,2009,40847472.0
p107,2010,40865371.0
p107,2011,40756821.0
p107,2012,40429440.0
p107,2013,40971044.0
p108,2007,12657636.0
p108,2008,12680680.0
p108,2009,12662888.0
p108,2010,12707571.0
p108,2011,12647962.0
p108,2012,12604997.0
p108,2013,12675544.0
p109,2007,68880116.0
p109,2008,68987171.0
p109,2009,68904456.0
p109,2010,69111328.0
p109,2011,68834982.0
p109,2012,68635575.0
p109,2013,68963446.0
p11,2007,38431236.0
p11,2008,38463829.0
p11,2009,38435900.0
p11,2010,38393744.0
p11,2011,38524495.0
p11,2012,38378381.0
p11,2013,38437850.0
p110,2007,6930796.0
p110,2008,6939023.0
p110,2009,6932797.0
p110,2010,6948304.0
p110,2011,6927420.0
p110,2012,6912357.0
p110,2013,6937165.0
p111,2007,77847744.0
p111,2008,77979290.0
p111,2009,77802597.0
p111,2010,77847970.0
p111,2011,77582291.0
p111,2012,76940877.0
p111,2013,77895217.0
p112,2007,94820492.0
p112,2008,94962611.0
p112,2009,94771635.0
p112,2010,94820740.0
p112,2011,94533770.0
p112,2012,93841118.0
p112,2013,94871775.0
p113,2007,20993595.0
p113,2008,21024109.0
p113,2009,20982974.0
p113,2010,20993535.0
p113,2011,20931629.0
p113,2012,20782185.0
p113,2013,21004562.0
p114,2007,35244230.0
p114,2008,35300014.0
p114,2009,35224781.0
p114,2010,35244172.0
p114,2011,35130902.0
p114,2012,34857433.0
p114,2013,35264275.0
p115,2007,44816569.0
p115,2008,44725835.0
p115,2009,44768788.0
p115,2010,44695616.0
p115,2011,44560433.0
p115,2012,44221514.0
p115,2013,44791726.0
p116,2007,23358135.0
p116,2008,23395212.0
p116,2009,23392350.0
p116,2010,23407363.0
p116,2011,23335210.0
p116,2012,23289309.0
p116,2013,23402298.0
p117,2007,17463494.0
p117,2008,17479200.0
p117,2009,17477748.0
p117,2010,17484252.0
p117,2011,17453641.0
p117,2012,17434087.0
p117,2013,17482108.0
p118,2007,42276042.0
p118,2008,42244429.0
p118,2009,42270935.0
p118,2010,42335983.0
p118,2011,42250000.0
p118,2012,42203243.0
p118,2013,42264957.0
p119,2007,5065421.0
p119,2008,5056561.0
p119,2009,5060844.0
p119,2010,5053654.0
p119,2011,5040376.0
p119,2012,5007037.0
p119,2013,5062937.0
p12,2007,22331251.0
p12,2008,22317143.0
p12,2009,22308538.0
p12,2010,22270650.0
p12,2011,22303252.0
p12,2012,22256931.0
p12,2013,22329110.0
p120,2007,3041701.0
p120,2008,3035995.0
p120,2009,3038728.0
p120,2010,3034094.0
p120,2011,3025742.0
p120,2012,3004540.0
p120,2013,3040202.0
p121,2007,9673315.0
p121,2008,9636143.0
p121,2009,9666030.0
p121,2010,9695015.0
p121,2011,9624579.0
p121,2012,9565968.0
p121,2013,9664946.0
p122,2007,149632361.0
p122,2008,149398529.0
p122,2009,149509175.0
p122,2010,149320519.0
p122,2011,148971700.0
p122,2012,148097590.0
p122,2013,149568339.0
p123,2007,99398927.0
p123,2008,98970266.0
p123,2009,99339845.0
p123,2010,99627994.0
p123,2011,98865493.0
p123,2012,98201792.0
p123,2013,99261031.0
p124,2007,1540572.0
p124,2008,1539023.0
p124,2009,1540516.0
p124,2010,1543699.0
p124,2011,1539404.0
p124,2012,1536833.0
p124,2013,1540223.0
p125,2007,18106349.0
p125,2008,18044585.0
p125,2009,18079759.0
p125,2010,18139911.0
p125,2011,18044922.0
p125,2012,17945598.0
p125,2013,18082273.0
p126,2007,143177833.0
p126,2008,142220983.0
p126,2009,142673088.0
p126,2010,142475665.0
p126,2011,141752133.0
p126,2012,140302707.0
p126,2013,142728239.0
p127,2007,199179657.0
p127,2008,198021416.0
p127,2009,198906743.0
p127,2010,197900706.0
p127,2011,197472009.0
p127,2012,195182356.0
p127,2013,198684346.0
p128,2007,33218154.0
p128,2008,33016627.0
p128,2009,33170580.0
p128,2010,32995679.0
p128,2011,32920988.0
p128,2012,32522613.0
p128,2013,33131960.0
p129,2007,10162829.0
p129,2008,10057303.0
p129,2009,10111706.0
p129,2010,9962382.0
p129,2011,10020623.0
p129,2012,9874316.0
p129,2013,10088544.0
p13,2007,52948275.0
p13,2008,52906545.0
p13,2009,52880868.0
p13,2010,52769181.0
p13,2011,52865384.0
p13,2012,52728523.0
p13,2013,52942199.0
p130,2007,18651448.0
p130,2008,18495808.0
p130,2009,18579723.0
p130,2010,18285281.0
p130,2011,18437953.0
p130,2012,18128855.0
p130,2013,18517866.0
p131,2007,96049149.0
p131,2008,95140291.0
p131,2009,95691661.0
p131,2010,94715183.0
p131,2011,94837546.0
p131,2012,93334724.0
p131,2013,95492004.0
p132,2007,44576410.0
p132,2008,44310157.0
p132,2009,44522246.0
p132,2010,44127388.0
p132,2011,44235267.0
p132,2012,43642832.0
p132,2013,44450584.0
p133,2007,12947740.0
p133,2008,12828412.0
p133,2009,12927393.0
p133,2010,12777244.0
p133,2011,12775616.0
p133,2012,12588094.0
p133,2013,12889054.0
p134,2007,19646121.0
p134,2008,19462674.0
p134,2009,19575177.0
p134,2010,19227605.0
p134,2011,19406726.0
p134,2012,19213152.0
p134,2013,19513390.0
p14,2007,6319302.0
p14,2008,6346267.0
p14,2009,6346492.0
p14,2010,6313076.0
p14,2011,6337701.0
p14,2012,6295290.0
p14,2013,6360143.0
p15,2007,24256790.0
p15,2008,24379946.0
p15,2009,24380328.0
p15,2010,24227920.0
p15,2011,24340894.0
p15,2012,24147057.0
p15,2013,24442717.0
p16,2007,10374380.0
p16,2008,10442827.0
p16,2009,10442968.0
p16,2010,10358234.0
p16,2011,10421072.0
p16,2012,10313322.0
p16,2013,10477806.0
p17,2007,11963022.0
p17,2008,12035753.0
p17,2009,12050226.0
p17,2010,12010766.0
p17,2011,12039673.0
p17,2012,11944650.0
p17,2013,12018672.0
p18,2007,7297391.0
p18,2008,7352667.0
p18,2009,7363659.0
p18,2010,7333769.0
p18,2011,7355674.0
p18,2012,7283196.0
p18,2013,7339410.0
p19,2007,176770.0
p19,2008,177979.0
p19,2009,178073.0
p19,2010,177368.0
p19,2011,177920.0
p19,2012,176229.0
p19,2013,177520.0
p2,2007,43445482.0
p2,2008,43520515.0
p2,2009,43521704.0
p2,2010,43342011.0
p2,2011,43506147.0
p2,2012,43412162.0
p2,2013,43455123.0
p20,2007,5146334.0
p20,2008,5202228.0
p20,2009,5213531.0
p20,2010,5183264.0
p20,2011,5205344.0
p20,2012,5132194.0
p20,2013,5188827.0
p21,2007,14896608.0
p21,2008,14920996.0
p21,2009,14920557.0
p21,2010,14895062.0
p21,2011,14920219.0
p21,2012,14849639.0
p21,2013,14929779.0
p22,2007,1671095.0
p22,2008,1671482.0
p22,2009,1671113.0
p22,2010,1670745.0
p22,2011,1671038.0
p22,2012,1668838.0
p22,2013,1671265.0
p23,2007,2911425.0
p23,2008,2918419.0
p23,2009,2918297.0
p23,2010,2911024.0
p23,2011,2918220.0
p23,2012,2897840.0
p23,2013,2920987.0
p24,2007,12425298.0
p24,2008,12446252.0
p24,2009,12445787.0
p24,2010,12424080.0
p24,2011,12445499.0
p24,2012,12385263.0
p24,2013,12453758.0
p25,2007,69643703.0
p25,2008,69761865.0
p25,2009,69629590.0
p25,2010,69475294.0
p25,2011,69645669.0
p25,2012,68874229.0
p25,2013,70109813.0
p26,2007,3255606.0
p26,2008,3261386.0
p26,2009,3255001.0
p26,2010,3247411.0
p26,2011,3255760.0
p26,2012,3217755.0
p26,2013,3278539.0
p27,2007,14226408.0
p27,2008,14212474.0
p27,2009,14215396.0
p27,2010,14208855.0
p27,2011,14223104.0
p27,2012,14212647.0
p27,2013,14224672.0
p28,2007,135723953.0
p28,2008,135415153.0
p28,2009,135480905.0
p28,2010,135335528.0
p28,2011,135653068.0
p28,2012,135418274.0
p28,2013,135686539.0
p29,2007,2006015.0
p29,2008,2002313.0
p29,2009,2002843.0
p29,2010,2000977.0
p29,2011,2005149.0
p29,2012,2002077.0
p29,2013,2005522.0
p3,2007,20717165.0
p3,2008,20755511.0
p3,2009,20756045.0
p3,2010,20664345.0
p3,2011,20748239.0
p3,2012,20700170.0
p3,2013,20722190.0
p30,2007,16805585.0
p30,2008,16791719.0
p30,2009,16794535.0
p30,2010,16788139.0
p30,2011,16802361.0
p30,2012,16791752.0
p30,2013,16803918.0
p31,2007,34540279.0
p31,2008,34508692.0
p31,2009,34486660.0
p31,2010,34517420.0
p31,2011,34584012.0
p31,2012,34418694.0
p31,2013,34596638.0
p32,2007,2785589.0
p32,2008,2805630.0
p32,2009,2796156.0
p32,2010,2789862.0
p32,2011,2795063.0
p32,2012,2758983.0
p32,2013,2808391.0
p33,2007,81480273.0
p33,2008,81296187.0
p33,2009,81123077.0
p33,2010,80864043.0
p33,2011,81290288.0
p33,2012,80246045.0
p33,2013,81760932.0
p34,2007,29749987.0
p34,2008,29682259.0
p34,2009,29618492.0
p34,2010,29523206.0
p34,2011,29679996.0
p34,2012,29295732.0
p34,2013,29853371.0
p35,2007,2395147.0
p35,2008,2428573.0
p35,2009,2435184.0
p35,2010,2417197.0
p35,2011,2430399.0
p35,2012,2386748.0
p35,2013,2420499.0
p36,2007,23402964.0
p36,2008,23496260.0
p36,2009,23497150.0
p36,2010,23381580.0
p36,2011,23411249.0
p36,2012,23244728.0
p36,2013,23533752.0
p37,2007,29058978.0
p37,2008,29101893.0
p37,2009,29102281.0
p37,2010,29049207.0
p37,2011,29062795.0
p37,2012,28986446.0
p37,2013,29119124.0
p38,2007,17689991.0
p38,2008,17805001.0
p38,2009,17750898.0
p38,2010,17715193.0
p38,2011,17745015.0
p38,2012,17537644.0
p38,2013,17821496.0
p39,2007,4463008.0
p39,2008,4479215.0
p39,2009,4467933.0
p39,2010,4468476.0
p39,2011,4468632.0
p39,2012,4440357.0
p39,2013,4477154.0
p4,2007,10537249.0
p4,2008,10563078.0
p4,2009,10563440.0
p4,2010,10501560.0
p4,2011,10558183.0
p4,2012,10525845.0
p4,2013,10540517.0
p40,2007,23643718.0
p40,2008,23721952.0
p40,2009,23666911.0
p40,2010,23669583.0
p40,2011,23670473.0
p40,2012,23533433.0
p40,2013,23712002.0
p41,2007,32829950.0
p41,2008,32921167.0
p41,2009,32856933.0
p41,2010,32860193.0
p41,2011,32861112.0
p41,2012,32701371.0
p41,2013,32909528.0
p42,2007,6290655.0
p42,2008,6351332.0
p42,2009,6316484.0
p42,2010,6269751.0
p42,2011,6288594.0
p42,2012,6202091.0
p42,2013,6363921.0
p43,2007,89843337.0
p43,2008,90756840.0
p43,2009,90232789.0
p43,2010,89528902.0
p43,2011,89813006.0
p43,2012,88510807.0
p43,2013,90945854.0
p44,2007,2757797.0
p44,2008,2786803.0
p44,2009,2770131.0
p44,2010,2747743.0
p44,2011,2756753.0
p44,2012,2715219.0
p44,2013,2792889.0
p45,2007,23627451.0
p45,2008,23767445.0
p45,2009,23635624.0
p45,2010,23648892.0
p45,2011,23605332.0
p45,2012,23413629.0
p45,2013,23737817.0
p46,2007,13790002.0
p46,2008,13963538.0
p46,2009,13873394.0
p46,2010,13708247.0
p46,2011,13809527.0
p46,2012,13585763.0
p46,2013,13984399.0
p47,2007,18381569.0
p47,2008,18357915.0
p47,2009,18341426.0
p47,2010,18364430.0
p47,2011,18414270.0
p47,2012,18290801.0
p47,2013,18423782.0
p48,2007,47812544.0
p48,2008,47812921.0
p48,2009,47832677.0
p48,2010,47922552.0
p48,2011,47994836.0
p48,2012,47755160.0
p48,2013,47878059.0
p49,2007,1087529.0
p49,2008,1087817.0
p49,2009,1087961.0
p49,2010,1088640.0
p49,2011,1088593.0
p49,2012,1084089.0
p49,2013,1089204.0
p5,2007,94695593.0
p5,2008,94825846.0
p5,2009,94811123.0
p5,2010,94504895.0
p5,2011,94761139.0
p5,2012,94640165.0
p5,2013,94752871.0
p50,2007,63941276.0
p50,2008,64000582.0
p50,2009,63957340.0
p50,2010,64069779.0
p50,2011,64098649.0
p50,2012,63619859.0
p50,2013,64152924.0
p51,2007,35483661.0
p51,2008,35516124.0
p51,2009,35492401.0
p51,2010,35553679.0
p51,2011,35569402.0
p51,2012,35308244.0
p51,2013,35599043.0
p52,2007,2758400.0
p52,2008,2776115.0
p52,2009,2761740.0
p52,2010,2767663.0
p52,2011,2768971.0
p52,2012,2712811.0
p52,2013,2778254.0
p53,2007,56261474.0
p53,2008,56527547.0
p53,2009,56311584.0
p53,2010,56400444.0
p53,2011,56419668.0
p53,2012,55581523.0
p53,2013,56558661.0
p54,2007,36609295.0
p54,2008,36802645.0
p54,2009,36619874.0
p54,2010,36783037.0
p54,2011,36638260.0
p54,2012,36196807.0
p54,2013,36789453.0
p55,2007,19166265.0
p55,2008,19281446.0
p55,2009,19172498.0
p55,2010,19269854.0
p55,2011,19183462.0
p55,2012,18920027.0
p55,2013,19273511.0
p56,2007,19424434.0
p56,2008,19453079.0
p56,2009,19437589.0
p56,2010,19472715.0
p56,2011,19436138.0
p56,2012,19369823.0
p56,2013,19461337.0
p57,2007,16627139.0
p57,2008,16627214.0
p57,2009,16635050.0
p57,2010,16670611.0
p57,2011,16699349.0
p57,2012,16604332.0
p57,2013,16653076.0
p58,2007,108643359.0
p58,2008,108648417.0
p58,2009,108629275.0
p58,2010,108796456.0
p58,2011,108691966.0
p58,2012,108538657.0
p58,2013,108685157.0
p59,2007,14853778.0
p59,2008,14853488.0
p59,2009,14861059.0
p59,2010,14895075.0
p59,2011,14922471.0
p59,2012,14831913.0
p59,2013,14878051.0
p6,2007,20253346.0
p6,2008,20271346.0
p6,2009,20269289.0
p6,2010,20226749.0
p6,2011,20262308.0
p6,2012,20245603.0
p6,2013,20261223.0
p60,2007,10462064.0
p60,2008,10462184.0
p60,2009,10468949.0
p60,2010,10499861.0
p60,2011,10524578.0
p60,2012,10442375.0
p60,2013,10484417.0
p61,2007,17883203.0
p61,2008,17883434.0
p61,2009,17891463.0
p61,2010,17928935.0
p61,2011,17959034.0
p61,2012,17859405.0
p61,2013,17910373.0
p62,2007,19218200.0
p62,2008,19218597.0
p62,2009,19230363.0
p62,2010,19284984.0
p62,2011,19328761.0
p62,2012,19183544.0
p62,2013,19257855.0
p63,2007,288457691.0
p63,2008,288460870.0
p63,2009,288601356.0
p63,2010,289245255.0
p63,2011,289763024.0
p63,2012,288047003.0
p63,2013,288926413.0
p64,2007,82902255.0
p64,2008,82903157.0
p64,2009,82940917.0
p64,2010,83114237.0
p64,2011,83253517.0
p64,2012,82791864.0
p64,2013,83028370.0
p65,2007,121954570.0
p65,2008,121955783.0
p65,2009,122008643.0
p65,2010,122250490.0
p65,2011,122444967.0
p65,2012,121800331.0
p65,2013,122130782.0
p66,2007,56380125.0
p66,2008,56380925.0
p66,2009,56411855.0
p66,2010,56553804.0
p66,2011,56668033.0
p66,2012,56289513.0
p66,2013,56483496.0
p67,2007,175772332.0
p67,2008,175774078.0
p67,2009,175848239.0
p67,2010,176188207.0
p67,2011,176461725.0
p67,2012,175555485.0
p67,2013,176019821.0
p68,2007,5796208.0
p68,2008,5865774.0
p68,2009,5825943.0
p68,2010,5772192.0
p68,2011,5793751.0
p68,2012,5694510.0
p68,2013,5880060.0
p69,2007,8814286.0
p69,2008,8855369.0
p69,2009,8816665.0
p69,2010,8820581.0
p69,2011,8807829.0
p69,2012,8751609.0
p69,2013,8846601.0
p7,2007,2915760.0
p7,2008,2918529.0
p7,2009,2918316.0
p7,2010,2911313.0
p7,2011,2917232.0
p7,2012,2914261.0
p7,2013,2917063.0
p70,2007,59254254.0
p70,2008,59564621.0
p70,2009,59272360.0
p70,2010,59301480.0
p70,2011,59205214.0
p70,2012,58780218.0
p70,2013,59498868.0
p71,2007,2519718.0
p71,2008,2528822.0
p71,2009,2520145.0
p71,2010,2527920.0
p71,2011,2521139.0
p71,2012,2500235.0
p71,2013,2528257.0
p72,2007,46058751.0
p72,2008,46145406.0
p72,2009,46063426.0
p72,2010,46136745.0
p72,2011,46071736.0
p72,2012,45873601.0
p72,2013,46139467.0
p73,2007,3921295.0
p73,2008,3938799.0
p73,2009,3922241.0
p73,2010,3937126.0
p73,2011,3923907.0
p73,2012,3883927.0
p73,2013,3937587.0
p74,2007,3421701.0
p74,2008,3442335.0
p74,2009,3429954.0
p74,2010,3387187.0
p74,2011,3414894.0
p74,2012,3336934.0
p74,2013,3439984.0
p75,2007,16206549.0
p75,2008,16391104.0
p75,2009,16295194.0
p75,2010,16119538.0
p75,2011,16227384.0
p75,2012,15989324.0
p75,2013,16413293.0
p76,2007,18550903.0
p76,2008,18782060.0
p76,2009,18661988.0
p76,2010,18441888.0
p76,2011,18577018.0
p76,2012,18278849.0
p76,2013,18809746.0
p77,2007,4903718.0
p77,2008,4967802.0
p77,2009,4934487.0
p77,2010,4873595.0
p77,2011,4910974.0
p77,2012,4828493.0
p77,2013,4975479.0
p78,2007,12008869.0
p78,2008,12155277.0
p78,2009,12078914.0
p78,2010,11939773.0
p78,2011,12025331.0
p78,2012,11836354.0
p78,2013,12172765.0
p79,2007,40706251.0
p79,2008,41101565.0
p79,2009,40896100.0
p79,2010,40519806.0
p79,2011,40750622.0
p79,2012,40240878.0
p79,2013,41148799.0
p8,2007,2289737.0
p8,2008,2290876.0
p8,2009,2289894.0
p8,2010,2288068.0
p8,2011,2293381.0
p8,2012,2287379.0
p8,2013,2289803.0
p80,2007,161931434.0
p80,2008,163513449.0
p80,2009,162328295.0
p80,2010,161767568.0
p80,2011,161310504.0
p80,2012,158768970.0
p80,2013,163085119.0
p81,2007,31608768.0
p81,2008,31790067.0
p81,2009,31654259.0
p81,2010,31590001.0
p81,2011,31537546.0
p81,2012,31246273.0
p81,2013,31741079.0
p82,2007,11214438.0
p82,2008,11275933.0
p82,2009,11229807.0
p82,2010,11208053.0
p82,2011,11190192.0
p82,2012,11091237.0
p82,2013,11259357.0
p83,2007,15774324.0
p83,2008,15815851.0
p83,2009,15784437.0
p83,2010,15770051.0
p83,2011,15758064.0
p83,2012,15691274.0
p83,2013,15804641.0
p84,2007,8283230.0
p84,2008,8336316.0
p84,2009,8286010.0
p84,2010,8331027.0
p84,2011,8291125.0
p84,2012,8169490.0
p84,2013,8332700.0
p85,2007,49100915.0
p85,2008,49180425.0
p85,2009,49137416.0
p85,2010,49235143.0
p85,2011,49133446.0
p85,2012,48949512.0
p85,2013,49203272.0
p86,2007,28428258.0
p86,2008,28428540.0
p86,2009,28427507.0
p86,2010,28436131.0
p86,2011,28430705.0
p86,2012,28422796.0
p86,2013,28430414.0
p87,2007,51962518.0
p87,2008,51982021.0
p87,2009,51981743.0
p87,2010,52053806.0
p87,2011,51979986.0
p87,2012,51913767.0
p87,2013,51996997.0
p88,2007,17259369.0
p88,2008,17266862.0
p88,2009,17266748.0
p88,2010,17294604.0
p88,2011,17265957.0
p88,2012,17240440.0
p88,2013,17272628.0
p89,2007,66717375.0
p89,2008,66724645.0
p89,2009,66722012.0
p89,2010,66846195.0
p89,2011,66724228.0
p89,2012,66631441.0
p89,2013,66715953.0
p9,2007,202206935.0
p9,2008,202339679.0
p9,2009,202225641.0
p9,2010,202053736.0
p9,2011,202586983.0
p9,2012,201991063.0
p9,2013,202233599.0
p90,2007,61674185.0
p90,2008,61681093.0
p90,2009,61678554.0
p90,2010,61795708.0
p90,2011,61680666.0
p90,2012,61593063.0
p90,2013,61672846.0
p91,2007,18192948.0
p91,2008,18156592.0
p91,2009,18167543.0
p91,2010,18069698.0
p91,2011,18196347.0
p91,2012,18193809.0
p91,2013,18189737.0
p92,2007,156837382.0
p92,2008,157028469.0
p92,2009,156889097.0
p92,2010,157761034.0
p92,2011,156829037.0
p92,2012,156218810.0
p92,2013,156990831.0
p93,2007,18850188.0
p93,2008,18881264.0
p93,2009,18857278.0
p93,2010,18917107.0
p93,2011,18837109.0
p93,2012,18779214.0
p93,2013,18874214.0
p94,2007,238971308.0
p94,2008,239274939.0
p94,2009,239318032.0
p94,2010,240775375.0
p94,2011,239139090.0
p94,2012,238098120.0
p94,2013,239005885.0
p95,2007,42288996.0
p95,2008,42301594.0
p95,2009,42332069.0
p95,2010,42498780.0
p95,2011,42324922.0
p95,2012,42206969.0
p95,2013,42286062.0
p96,2007,80498504.0
p96,2008,80520209.0
p96,2009,80572440.0
p96,2010,80857933.0
p96,2011,80559982.0
p96,2012,80357911.0
p96,2013,80493437.0
p97,2007,107242301.0
p97,2008,107232708.0
p97,2009,107320412.0
p97,2010,107716473.0
p97,2011,107250885.0
p97,2012,106989548.0
p97,2013,107297204.0
p98,2007,104297197.0
p98,2008,104287087.0
p98,2009,104379525.0
p98,2010,104796264.0
p98,2011,104306259.0
p98,2012,104031123.0
p98,2013,104355053.0
p99,2007,239648206.0
p99,2008,239410173.0
p99,2009,239609978.0
p99,2010,240099493.0
p99,2011,239453010.0
p99,2012,239100581.0
p99,2013,239564454.0
